{
  "title":"Office Manager",
  "employees":
  [
    {
      "first_name":"Joe",
      "last_name":"Doe",
      "email":"joe.doe@email.com",
      "address":"5424 Some Street City, State 55555"
    },
    {
      "first_name":"Bob",
      "last_name":"Doe",
      "email":"bob.doe@email.com",
      "address":"1414 Some Street City, State 55555"
    },
    {
      "first_name":"Kevin",
      "last_name":"Doe",
      "email":"kevin.doe@email.com",
      "address":"6123 Some Street City, State 55555"
    }
  ],
  "first_name":"Manager",
  "last_name":"Doe",
  "email":"manager.doe@email.com",
  "address":"5534 Some Other Street City, State 55555"
}